{"cameraMode":{"drawMode":0,"name":"Shaded","section":"Shading Mode"},"sceneLighting":true,"audioPlay":false,"sceneViewState":{"m_AlwaysRefresh":false,"showFog":true,"showSkybox":true,"showFlares":true,"showImageEffects":true,"showParticleSystems":true,"showVisualEffectGraphs":true,"m_FxEnabled":true},"in2DMode":false,"pivot":{"x":4.031796455383301,"y":0.3691343665122986,"z":0.020519912242889406},"rotation":{"x":0.04255417734384537,"y":0.7969207167625427,"z":-0.05652277544140816,"w":0.5999343395233154},"size":2.278141975402832,"orthographic":true}