{"cameraMode":{"drawMode":0,"name":"Shaded","section":"Shading Mode"},"sceneLighting":true,"audioPlay":false,"sceneViewState":{"m_AlwaysRefresh":false,"showFog":true,"showSkybox":true,"showFlares":true,"showImageEffects":true,"showParticleSystems":true,"showVisualEffectGraphs":true,"m_FxEnabled":true},"in2DMode":false,"pivot":{"x":6.600000381469727,"y":0.4629998207092285,"z":-3.805999755859375},"rotation":{"x":-0.002036674879491329,"y":0.6525904536247253,"z":0.0017578687984496356,"w":0.7577143311500549},"size":12.12435531616211,"orthographic":true}