{"cameraMode":{"drawMode":0,"name":"Shaded","section":"Shading Mode"},"sceneLighting":true,"audioPlay":false,"sceneViewState":{"m_AlwaysRefresh":false,"showFog":true,"showSkybox":true,"showFlares":true,"showImageEffects":true,"showParticleSystems":true,"showVisualEffectGraphs":true,"m_FxEnabled":true},"in2DMode":false,"pivot":{"x":0.006776012480258942,"y":0.04112038016319275,"z":0.004741448909044266},"rotation":{"x":0.21854367852210999,"y":-0.06435526907444,"z":0.014447405934333802,"w":0.9736006259918213},"size":0.16649456322193147,"orthographic":true}